AmineFlow,AcidGas Loading
80,0.0035
85,0.00368
92,0.00423
95,0.00404
97,0.00387
98,0.00406
100,0.00346
105,0.00448
110,0.00462
120,0.00519
125,0.00528
130,0.00892
135,0.00601
140,0.00637
